,info,specification,self_intro
0, 데이터분석 ,"한성대학교 / 학점 3.89 / 컴활1급, spld, adsp, 사회조사분석사 2급","
고객 데이터 분석, 데이터 가공, R, PYTHON, 빅데이터 시각화, 웹크롤링, 머신러닝, 빅데이터 분석기사, 플랫폼 확장, 협업"
0, 데이터 분석 및 운영 청년인턴 ,"경기대학교 / 응용통계학과 / 학점 3.8 / 토익: 705, 토익스피킹: , 오픽: , 기타: / 사회생활 경험: 공공데이터 청년 인턴십 / 국가지표 서비스 모니터단 / 한국사검정시험: 고급, 컴퓨터활용능력: , 기타: ADSP, DASP, 사회조사분석사 2급","
R, Python, 데이터 분석, 빅데이터, 국가지표 모니터링, 자격증, 인턴십, 데이터 전처리, 데이터 시각화, ADP"
0, 공공데이터 개방 ,"서울시립대 / 국사학과 / 학점 3.9 / 토익: 845, 토익스피킹: , 오픽: , 기타: / 사회생활 경험: / 한국사검정시험: 고급, 컴퓨터활용능력: 1급, 기타:","
목록화, 데이터 분석, 빅데이터, 정렬 기능, 빠른 의사결정, 비용 절감, 시간 절약, 정확한 정보 파악, 책임감, 협업"
0, 공공데이터 인턴 ,"서울시립대학교 / 경제학부 / 학점 3.33 / 토익: 790, 토익스피킹: , 오픽: , 기타: / 사회생활 경험: / 빅데이터 분석대회 대상 / 한국사검정시험: 고급, 컴퓨터활용능력: 1급, 기타: SQLD","
빅데이터, 데이터 분석, 인공지능, python, 트위터 API, LSTM, 토픽모델링, 데이터 모델 개발, 고객 니즈 파악, 서비스 제안"
0," 화학분석 식품용기, 화장품, 생활화학제품 ","광명상가 / 화학과 / 학점 4.08 / 토익: 890, 토익스피킹: , 오픽: IM3, 기타: / 사회생활 경험: 한국환경산업기술원에서 3개월간 환경안전보건전문인력양성과정 이수, 상명대학교 중앙기기센터 1년근무 / 한국사검정시험: , 컴퓨터활용능력: 2급, 기타: 화학분석기사, 수질환경기사, 대기환경기사, 위험물산업기사","
화학분석 기사, 자격증, 분석화학, 유기화학, 무기화학, 시험 분석, 기기 운용, 데이터 분석, 기기 교육, 원칙 준수"
0, 공공데이터 개방 및 품질검사 ,"서울시립대 / 국사학과 / 학점 3.9 / 토익: 845, 토익스피킹: , 오픽: , 기타: / 사회생활 경험: / 한국사검정시험: 고급, 컴퓨터활용능력: 1급, 기타:","
목록화 기술, 엑셀활용능력, 꼼꼼함"
0, 데이터 아키텍처 ,"건국대 / 산업공학과 / 학점 3.87/4.5 / 토익: 820, 토익스피킹: 140/레벨 6 / 사회생활 경험: 현대디지텍 6개월","
1. Project Management, 
2. Primavera P6, 
3. Planning & Scheduling, 
4. Resource Allocation, 
5. Network Diagram, 
6. Risk Management, 
7. Cost Control, 
8. Communication Skills, 
9. Problem Solving, 
10. Critical Thinking"
0, 데이터분석 ,SKY / 산업공학 / 학점 3.7/4.3 / 오픽: IH / 사회생활 경험: 삼성전자 인턴 4개월,"
학부생 연구회인 '웹프로그래밍 연구회'에서 소속감을 느꼈습니다. 이 연구회는 다양한 학과에서 온 학생들이 자신의 관심사를 바탕으로 다양한 웹 프로그래밍 기술을 배우고 노력하는 장소였습니다. 제가 참여한 '웹프로그래밍 연구회'에서는 매주 주제를 정하고 그 주제를 기반으로 팀을 나누어 각자의 아이디어를 실현하는 프로젝트를 진행했습니다. 이 과정에서 제가 최종 프로젝트의 팀장이 되기도 하였고, 다른 팀의 프로젝트에도 참여하여 다양한 역할을 수행하게 되었습니다.
이를 통해 저는 다양한 분야의 사람들"
0, 데이터분석가 ,"인하대 / 산업공학과 / 학점 3.66/4.5 / 토익스피킹: 130/6 / 한앎(토론동아리) / 기타: 품질경영기사,ADsP,SQLD","
데이터 분석, 데이터 처리, DB 관리, 규칙적 생활, 문제 해결, 협업, 인내심, 프로그래밍, 팀워크, 정확성"
0, 공공데이터 ,"경희대 / 기계 / 학점 3.6/4.5 / 토익: 970, 토익스피킹: , 오픽: , 기타: / 사회생활 경험: / 어학연수 / 한국사검정시험: , 컴퓨터활용능력: , 기타:","
논리적 사고, 깔끔한 일 처리, 발전 가능성, 데이터 분석, 데이터 모델 설계, 프로그래밍 언어 활용, 데이터베이스 관리, 데이터 보안, 팀 프로젝트 조율, 의사소통"
0, 데이터 분석 ,서울시립대 / 경제학부 / 학점 3.33 / 토익: 790 / 사회생활 경험: 공공데이터 인턴 4개월 / 공모전 수상 1회,"
Python, SQL, Data analysis, Data preprocessing, Machine learning, Web crawling, Data literacy, Data cleaning, Data mining, Data visualization"
0, 공공데이터 관리 및 개방 ,"수도권 국립대 / 산업경영공학과 / 학점 3.6 / 토익: 925 / 사회생활 경험: 알바 다수 / 연합동아리, 교내 경진대회 수상","
Data Collection, Data Organization, Data Analysis, Data Cleaning, Data Visualization, Data Processing, Database Management, Data Mining, Statistical Analysis, Programming"
0, 평가및분석 ,"중앙대학교 / 나노소재공학 / 학점 4.14 / 토익스피킹: 140/레벨6 / 사회생활 경험: Posco 2년 6개월 / 한국사검정시험: , 컴퓨터활용능력: , 기타: 산업안전기사, 품질경영기사","
품질 엔지니어, 경박단소화, 제품 품질 개선, 신제품 양산 최적화, 통계 지식, 패키지 기술, 공정 품질 엔지니어, 봉사활동, 아르바이트, 성취감"
0, 연구성과분석 ,"지방사립대 / 국제의료경영학과 / 학점 2.71/4.5 / 토익: , 토익스피킹: , 오픽: IM2, 기타: / 사회생활 경험: 한국산업기술평가관리원 정책총괄팀 인턴 / 대외활동 10회 / 한국사검정시험: , 컴퓨터활용능력: , 기타: CS강사자격증, BLS Provider","
1. KIST, 입원지원, 분야, 업무 전문성, 신장, 노력, 대한민국, 과학기술 발전, 인프라 구축, 미래의 마에스트로
2. 연구성과분석, 분석력, 글로벌 연구성과, 동향, 명확한 해결책, 방향성, 학창 시절, 국제의료마케팅, 병원 경영학, 상급종합병원, 문제점, 창의력 캠프, 최우수상, 업무 과제, 리더십 발휘, 마케팅, 언론, 공기업, 문화행사, 스타트업, 의료 관광, 국토교통과학, 다방면으로"
0, 빅데이터 인공지능 데이터 품질검증 ,"수도권 사립대 / 전자공학 / 학점 3.45/4.5 / 오픽: IH / 한국사검정시험: 고급, 컴퓨터활용능력: 2급","
1. Experiment and data analysis
2. Problem solving
3. Big data handling
4. Quality assurance
5. Communication
6. Research and development
7. Foreign language proficiency
8. Translation
9. Technical report writing
10. Teamwork"
0, SK에너지,"서성한 / 기계공학부 / 학점 4.09/4.5 / 토익: 795, 오픽: IM3 / 사회생활 경험: / 한국사검정시험: 고급,기타: 전기기능사/일반기계기사","
1. 근전도센서, 근피로도 측정
2. 아두이노, OP-AMP, 반도체 회로 설계
3. 데이터 분석, 신호처리, 통계 분석
4. 계측기 설계, 측정 데이터 추출
5. 유체 역학, 시뮬레이션, ABAQUS 프로그램
6. 논문 작성, 학술지 발표
7. 장치 구현, 시스템 개발
8. 협업, 커뮤니케이션
9. 문제 해결, 실험 계획
10. 공학적 사고력, 분석력, 창의성"
0, 차량 안전데이터 분석 ,"고려대학교 / 기계공학부 / 학점 3.78/4.5 / 토익: 810 , 오픽: im2","
기술력, 자율주행, ADAS 기술, 미래 모빌리티, 안전 트렌드, 데이터 분석 역량, FDC, 고체역학, 공학재료학, 프로젝트 경험"
0, 데이터 분석 ,"동덕여대 / 경영학/정보통계학 / 학점 3.9/4.5 / X / 사회생활 경험: 인턴 경험 1회 / 대외활동 1회, 공모전 수상 2회 / 기타: adsp, spld","


1. 데이터 분석
2. 자연어 처리
3. 머신러닝
4. 딥러닝
5. 크롤링
6. 데이터 수집
7. 데이터 전처리
8. 태블로
9. AI 개발
10. 데이터 커넥터"
0, 데이터사업센터 인턴 ,"명지대학교 / 경영학과 / 학점 3.52 / 토익: 725, 토익스피킹: , 오픽: , 기타: / 사회생활 경험: 보쉬전장 해외물류팀 인턴 6개월 / 한국사검정시험: , 컴퓨터활용능력: 2급, 기타: ERP 생산정보관리사 1급","
RPA, 프로세스 자동화, BPA, 데이터 분석, 비즈니스 전략, 경영학, 유효성 검사, 기획서 작성, 마케팅 전략, 논리적 사고"
0, 데이터분석 ,"인하대학교 / 컴퓨터정보공학 / 학점 2.8 / 토익: 830, 토익스피킹: lv6, 오픽: , 기타: / 사회생활 경험: 수에즈코리아 / 2015서울 창조경제해커톤, 2015 종합설계대회 / 한국사검정시험: , 컴퓨터활용능력: , 기타: Adsp","
Programming Language, Data Analysis, Team Project, Software Development, Database, Machine Learning, Statistics, Big Data, Problem Solving, Communication"
0, 연구부문 분석(OLED) ,"아주대학교 / 학점 3.84 / 한자 1급, 토익 855, 오픽 IH / (주)에이피피 학교 연계형 인턴 (2개월, 2018년 상반기), 재료연구소 체험형 인턴 (5개월, 2019년 상반기), 한국나노기술원 주관 나노드림 교육봉사단 9기 (9개월), 대학교 봉사동아리 회장 (6개월), 교내 기술나눔 캡스톤 디자인 대상, 교내 히든챔피언 학생발굴단 대상, 화학분석기사, 위험물산업기사","

1. OLED, 기기분석, LT소재, 성장, 분석 전문가, 열분석, DSC, TGA, 책임감, 시너지
"
0, 데이터 사이언티스트 인턴 ,"동덕여대 / 경영학/정보통계학 / 학점 3.9/4.5 / X / 사회생활 경험: 인턴 경험 1회 / 대외활동 1회, 공모전 수상 2회 / 기타: adsp, sqld","
data analysis, EDA, predictive modeling, machine learning, deep learning, feature engineering, parameter tuning, time series analysis, random forest, xgboost"
0, 데이터마케팅 ,"한신대학교 / 철학과 / 학점 3.97 / 사회생활 경험: 나스미디어, 비나우 / 상상프렌즈, 삼성증권 대학생봉사단 / 컴퓨터활용능력: 2급","

1. 퍼포먼스 마케팅, CRM 마케팅, 그로스 마케팅, 데이터 분석, 인사이트 도출, 미디어 이해력, 광고 상품 이해, 빅 데이터, SQL, 태블로"
0, 지도 데이터 품질 평가 ,"아주대학교 / 산업공학과 / 학점 3.30 / 토익: , 토익스피킹: , 오픽: IM2, 기타: / 사회생활 경험: / 캡스톤 경진대회 대상 / 한국사검정시험: 고급, 컴퓨터활용능력: , 기타: 품질경영기사","
지도 데이터 품질 관리, S/W 공학 지식, 데이터베이스 구조 이해, 데이터 분석, 품질관리, 품질경영기사, 데이터 정제, 신뢰구간 추정, 샘플링 검사, 경로 추천 시스템"
0, 청년인턴 무역투자 데이터본부 ,"상명대 / 경영학과 / 학점 3.65 / 토익: 860 / 한국사검정시험: 고급, 컴퓨터활용능력: 1급","

1. 관찰력, 혁신, 문제해결능력, 통계프로그램 활용능력, 스프레드시트 활용능력, 컴퓨터 활용능력, 보안계원, 분석력, 데이터분석, 경영기획"
0, 재경본부 원가분석 및 수익성 관리 ,"중경외시 / 경영학 / 학점 3.5/4.5 / 토익: , 토익스피킹: 140/레벨 6, 오픽: , 기타: / 사회생활 경험: / 한국사검정시험: , 컴퓨터활용능력: , 기타:","
재무 지식, 분석적 사고, 적시 대응 능력"
0, ICT - 데이터 ,"지방대 / 컴퓨터공학과 / 학점 3.75 / 토익: 850, 토익스피킹: , 오픽: , 기타: / 사회생활 경험: / 한국사검정시험: 고급, 컴퓨터활용능력: 1급, 기타:","
Passion, Challenge, IT, Database, Android Development, Project Management, Teamwork, Respect, Consideration, Customer-centered"
0, 해외 target 시장 분석 ,"중앙대 / 일문과 / 학점 3.47 / 토익: 940, 토익스피킹: , 오픽: , 기타: / 사회생활 경험: / 한국사검정시험: , 컴퓨터활용능력: , 기타:","
분석력, 글로벌 인재, 일본어, 비즈니스 일본어, 협상, 문제해결능력, 소통능력, 세일즈 업무, 현지 거주 경험, 글로벌 역량"
0, 보험 분석 매니저 ,"경북대학교 / 사회복지학과 / 학점 3.2/4.5 / 사회생활 경험: IBK기업은행 청년인턴 2개월 피플라이프 보험클리닉 보험설계사 6개월 / 한국사검정시험: 고급, 기타: 생명보험 설계사 손해보험 설계사 AFPK","
Key skills: Data analysis, Customer service, Financial knowledge, Partnership, Insurance industry, Communication, Public speaking, Creativity, Project management, Problem solving"
0, 데이터 분석,"광운대학교, 광운대 대학원 / 학점 4.2(대학교),4.5(대학원) / 오픽 IH / 교내 연합봉사동아리 2년(부회장 1년), 교내 공모전 2회 참여: 우수상, 인기상 2회 수상, 전국단위 연구과제 공모전 참여: 장려상 수상, 임베디드소프트웨어경진대회 자율주행부문 참여, 학부연구생 생활 2년, 석사 2년, 석사과정 국가 연구과제 담당 2건, 국내/국제학회 학술발표 5건, 국외학회 학술발표 1건, 국내특허출원 2건, 국제특허출원 1건, SW저작권 1건, SCOPUS 논문 3건, SCI 논문 1건, 컴활 1급","
 콘텐츠 비주얼 브라우징 기술과 관련하여, 온-오프라인에서의 프로젝트 경험을 쌓았습니다. 이를 통해 콘텐츠 검색 및 분석, 유저의 행동 분석 등 다양한 분야에서의 기술적 역량을 키울 수 있었습니다. 주로 사용한 기술로는 OpenCV, YOLO, SSD, R-CNN, Faster R-CNN, ResNet, VGG 등이 있습니다. 이외에도 기존의 영상처리 방식과 딥러닝 기반의 방식을 비교하고 분석하는 능력을 향상시키는 등 다양한 기술적 역량을 기를 수 있었습니다. "
0, 빅데이터분석 ,과기원 / 경영/도시 / 학점 2.8/3.7 / 토스 LV7 / 연구실 3년차,"
1. Goal-oriented
2. Planning
3. Diligence
4. Perseverance
5. Self-study
6. R programming
7. Python programming
8. Web crawling
9. Data analysis
10. Interviewing"
0, [전환형 인턴] 데이터 분석가 ,"중앙대학교 / 응용통계학과 / 학점 4.27/4.5 / 사회생활 경험: 스타트업 데이터 분석 인턴(6개월) / 데이터 분석 학회 경험 / 컴퓨터활용능력: 1급, 기타: 데이터분석준전문가(ADsP)","
1. Education, Training, Curriculum Development
2. Data Analysis, Analytics, Insights
3. Customer Needs, Segmentation, CRM Marketing
4. Performance Analysis, Dashboards, KPIs
5. Business Understanding, Market Differentiation
6. Sales, Promotions, Revenue Growth
7. Problem Solving, Strategic Thinking
8. SQL, Python, Excel
9. Project Management, Team Collaboration
10. Communication, Presentation Skills"
0, 데이터 리서치 ,서울시립대 / 경제학부 / 학점 3.33 / 토익: 790 / 사회생활 경험: 한국정보사회진흥원 인턴 4개월 / 공모전 수상 1회,"
Python programming, SQL, data preprocessing, data analysis, data literacy, data mining, data visualization, machine learning, web crawling, API"
0, 데이터 ,"서울시립대 / 경제학부 / 학점 3.33 / 토익: 790, 토익스피킹: , 오픽: , 기타: / 사회생활 경험: 인턴1회 / 빅데이터 분석대회 대상 / 한국사검정시험: 고급, 컴퓨터활용능력: 1급, 기타: SQLD","
1. 데이터 분석
2. 빅데이터 인프라 구축
3. 고객 데이터 분석
4. 데이터 사이언스
5. 데이터 기반 서비스 개발
6. 고객 맞춤형 프레임워크 설계
7. 라이브 서비스 역량
8. 소통
9. 협업 역량
10. 팀 리더십"
0, TECH 데이터전략기획 ,"국숭세단 / 산업공학과 / 학점 3.93 / 토익: 910, 오픽: IH / 사회생활 경험: 인턴 3회 / 공모전 수상 3회 / 기타: ADsP","

1. 데이터 분석
2. 서비스 기획
3. 의사소통 능력
4. 문제해결 능력
5. 협업
6. 빅데이터
7. 데이터 모델링
8. 프로그래밍 언어
9. 머신러닝
10. 시간 관리"
0, 시료분석 ,"지거국 / 공학 / 학점 3.33 / 토익: 970, 토익스피킹: , 오픽: , 기타: / 사회생활 경험: 사기업 3년 / 한국사검정시험: , 컴퓨터활용능력: 2급, 기타:","
프랜차이즈카페 매장관리, 매출 증대, 팀워크, 라이브러리 구축, 데이터 수집, 미래창조과학부, 레시틴, 폴리 락티드 마이크로캡슐, 석박사 연구진, 가설 설정"
0, 유전자 의약품 분석 ,"인천대 / 생명공학 / 학점 3.68 / 토익: , 토익스피킹: , 오픽: IH, 기타: / 사회생활 경험: 진단키트 회사, 제약회사 인턴 경험 / 관련 인턴 2번 / 한국사검정시험: , 컴퓨터활용능력: , 기타:","
분석업무, 의약품, 품질, 실험, 시험, 인턴, 실습, 친화력, 적응력, QC팀 "
0," 제조원가관리 및 분석, 수익성 관리 ","중경외시 / 경영학부 / 학점 3.5/4.5 / 토익: , 토익스피킹: 140/레벨 6, 오픽: , 기타: / 사회생활 경험: / 한국사검정시험: , 컴퓨터활용능력: , 기타:","
분석적 사고, 기획력, 원가관리, 경영전략, SAP, 원가분석, MES, 간접비 배부, 프로그래밍 교육, DB 관리"
0, 공공데이터 청년 인턴 ,"항공대 / 항공우주 및 기계공학과 / 학점 3.43/4.5 / 토익스피킹: 130/레벨6 / 사회생활 경험: 포레시아 코리아 인턴 1개월, (주)나라엘 아르바이트 2개월, (주)월드센추리 아르바이트 1개월 / 교내 축구 동아리 / 컴퓨터활용능력: 2급, 기타: 6시그마 BB","
엑셀 역량, 데이터 작성, 데이터 품질관리, 매뉴얼 작성, 표준 데이터, 꼼꼼함, 데이터 개방 업무, 공공데이터, 데이터 품질 이해, 6Sigma"
0, 데이터분석가 ,"경기대 / 응용통계학과 / 학점 2.93/4.5 / 토익: , 토익스피킹: 120, 오픽: , 기타: / 사회생활 경험: / 학과학생회, 학과학습동아리, 봉사동아리'이음', 융복합프로젝트형빅데이터분석준전문가 / 한국사검정시험: , 컴퓨터활용능력: , 기타: 데이터분석준전문가","
1. 알고리즘 연구 개발
2. 데이터 분석
3. 모델링
4. 인사이트 제공
5. 의사소통
6. 새로운 내용 학습
7. 타인의 말 이해 및 전달
8. 심장 질환 위험 분류 모델
9. 오픈 레퍼런스 머신러닝 document
10. 골몰하는 능력"
0, 데이터분석 ,"서울시립대학교 대학원 / 학점 4.13 / SAS Certified Base Programmer for SAS 9, SAS Certified Advanced Programmer for SAS 9 SQLD, GBSA SW-tech 전문교육 1기 (Data Scientist Academy) (1개월), 넥슨코리아 데이터분석 인턴 (6개월)","
 development skills, programming, data analysis, analytical thinking, communication, standardization, visualization, teamwork, data preprocessing, Excel"
0, 공공데이터 청년인턴(일경험 수련생) ,"서울대 / 아동가족 / 학점 3.82/4.3 / 토익: 790, 토익스피킹: , 오픽: , 기타: / 사회생활 경험: / 교육봉사, 토론동아리 / 한국사검정시험: 고급, 컴퓨터활용능력: 1급, 기타:","

성실함, 적응력, 소통능력, 공공데이터 분석, 데이터 가공, 데이터 시각화, 데이터 마이닝, 머신러닝, 데이터베이스, 프로그래밍"
0, 전동화,"동국대 / 산업공학, 통계학 / 학점 3.48/4.5 / 토익: 835, 오픽: IH / 기타: 유통관리사 2급, ITQ 한글엑셀 A등급, ITQ 한글파워포인트 A등급","
quality, technology, communication, development, electric vehicle, data analysis, consumer perspective, consumer satisfaction, statistics, R, Python, SAS"
0, 연구성과분석 ,"지방사립대 / 국제의료경영학과 / 학점 2.71/4.5 / 토익: , 토익스피킹: , 오픽: OPIC IM2, 기타: / 사회생활 경험: 한국산업기술평가관리원 인턴 경험 / 대외활동 10회 수상경력 5회 / 한국사검정시험: , 컴퓨터활용능력: , 기타: CS강사자격증, BLS Provider 자격증","
critical thinking, problem-solving, analytical skills, leadership, adaptability, teamwork, communication, goal-oriented, strategic planning, creativity"
0, 데이터 사이언스 ,"서울시립대 / 경제학부 / 학점 3.33 / 토익: 790, 토익스피킹: , 오픽: , 기타: / 사회생활 경험: 인턴1회 / 빅데이터 분석대회 대상 / 한국사검정시험: 고급, 컴퓨터활용능력: 1급, 기타: SQLD","
1. Python, Data Analysis
2. Statistical Analysis, Modeling
3. Deep Learning, LSTM
4. Data Preprocessing, Feature Engineering
5. SQL, Database Management
6. Machine Learning, Predictive Modeling
7. Customer-oriented, Client Management
8. Teamwork, Communication
9. Research, Problem-solving
10. Attention to Detail, Time Management"
0," 공공데이터 개방, 품질진단·개선, 실측·수집, 구축, 가공 등 업무 ",부산대 / 경제학부 / 학점 3.15 / 토익: 845 / 한국사검정시험: 고급,"
프로그램 활용, 공공데이터, 최신화, 데이터 갱신, 데이터 분류, 데이터 정리, 스프레드시트, 수치 변화, 비교, 기존 데이터"
0, 사무직 빅데이터인프라지원실 ,"부산대학교 / 디자인 / 학점 3.0 / 토익: 775, 토익스피킹: , 오픽: , 기타: / 사회생활 경험: / 해외봉사 / 한국사검정시험: , 컴퓨터활용능력: , 기타: 정보처리기사","
빅데이터, AI, 정보통신, 인터렉션 디자인, 컴퓨터 공학, 프로그래밍, 영상처리, 운영체제, 기록, 계획"
0, 품질관리 분석 ,"인하대 / 화학공학 / 학점 3.4/4.5 / 토익: 785, 토익스피킹: 130 / 사회생활 경험: 금호석유 인턴 6개월","
Persistence, Analysis, Testing, Teamwork, Communication, Development, Customer, Management, Quality, Achievement"
0, 공공데이터 처리 ,"지거국 / 수학 / 학점 3.45/4.5 / 토익: 730 / 국민연금 홍보대사, 하이트진로 서포터즈 / 한국사검정시험: 고급, 컴퓨터활용능력: 1급","



컴퓨터 활용, 데이터 분류, 데이터 수집, 데이터 처리, 기초 지식, 빅데이터 분석, 산업체 데이터 교육, 분석력, 해결능력, 업무 처리"
0, 데이터분석 ,연세대학교 / 경영학과 / 학점 3.77/4.3 / 토익: 960 / 사회생활 경험: 뤼이드 인턴 7개월,"
SQL, R, Python, 데이터 추출, 데이터 분석, 대시보드 관리, KPI 설정, 광고 및 캠페인 효율 분석, 상품 기획, 특정 상품의 USP"
0, 분석연구원 ,서성한 / 화학 / 학점 3.86/4.3 / 토익스피킹: 1300/레벨6,"
Precision, Attention to Detail, Quality Management, Chemical Analysis, Experiment Design, Research Skills, Teamwork, Adaptability, Communication, Diligence"
0, 공공데이터 개방 ,고졸 / 문과 / 학점 X / 지역 축제 스태프 / 한국사검정시험: 고급,"

소심함, 책임감, 자신감, 유연한 대화, 적극적인 자세, 데이터 정리, 품질관리, 컴퓨터 관련 자격증, 로드맵, 공공 데이터 사업 기여"
0, 인텔리전스랩스 리서치 데이터 분석 ,"숙명여자대학교 / 아동복지학과 / 학점 3.83/4.5 / 사회생활 경험: 디지털미디얼렙사 6개월 / 대외활동 5개, 공모전 4개 / 컴퓨터활용능력: 2급, 기타: GAIQ, Google Search Ads","

광고마케팅, 데이터 마이닝, 타깃팅, ROI, CPC, 빅데이터 분석, Google Analytics, Google Ads, 광고유형, 커뮤니케이션"
0, 국내사업본부 Data 활용,"건국대 / 산업공학과 / 학점 3.87/4.5 / 토익: 820, 토익스피킹: 140/레벨 6 / 사회생활 경험: 현대디지텍 6개월","
Python, R, MySQL, 통계, 자연어 처리, 데이터 시각화, 웹, 데이터 분석, 데이터 마이닝, 인턴십"
0, 환경정보 통계 조사 분석 업무 ,"부산대학교 / 식물생명과학 / 학점 3.3/4.5 / 토익: , 토익스피킹: 130, 오픽: , 기타: / 사회생활 경험: 공기업인턴2개월 / 한국사검정시험: 고급, 컴퓨터활용능력: 1급, 기타:","
성장과정, 책임감, 학급 반장, 지리산 야간산행, 연구실, 박사 선배, 책임감, 핵심, AI, 교육, SW역량지수, TOPCIT, 교수대상 SW교육, 비대면 수업, 홈페이지, 협력기관, 정보제공, 창업동아리, 기술지원, 기업인턴, 진로설정"
0, 공공데이터 개방 및 품질개선 ,"한신대 / 정보통신학부 / 학점 3.82 / 토익: , 토익스피킹: , 오픽: IL, 기타: / 사회생활 경험: gs25편의점 아르바이트 3년 반 / 대외활동 다수, 공모전 1번 / 한국사검정시험: , 컴퓨터활용능력: 2급, 기타:","
1. Data analysis, Data utilization, Communication skills, Teamwork
2. Responsibility, Problem-solving, Open-mindedness, Conflict management
3. Trustworthiness, Diligence, Detail-oriented, Flexibility
4. Database management, Data processing, Data visualization, Research skills"
0, 분석지원(무기계약직) ,"지거국, 서성한 / 신소재 / 학점 3.64/4.5, 4.14/4.5 / 토익스피킹: 130/레벨6 / 기타: 워드프로세서, MOS 2010 master","
분석, 이론공부, 실습, 연구방향성 제시, 분석 장비 다루기, 재료 합성, 연구개발 방향 제시, 노력, 현장실습, 데이터 분석"
0, 품질분석 ,"인하대 / 화학공학 / 학점 3.4/4.5 / 토익: 785, 토익스피킹: 130 / 사회생활 경험: 금호석유 6개월 인턴","
Challenging, problem-solving, teamwork, communication, planning, research, perseverance, goal-oriented, innovative, adaptability"
0, 공공데이터 청년인턴 ,"지거국 / 행정학과 / 학점 3.6/4.5 / 토익: , 토익스피킹: , 오픽: , 기타: / 사회생활 경험: 한국해양공사 인턴, 한국산업안전보건공단 기간제근로자 / 한국사검정시험: , 컴퓨터활용능력: , 기타:","
1. 데이터 분석, 데이터 처리, 데이터 활용, 데이터 처리 전문가, 관련 소프트웨어 숙지, ADsP 자격증, 기술 습득, 공공의 이익, 보안의식, 공익의식

2. 공익, 보안의식, 정보 활용, 정보 유출 방지, 업무 경험, 공공기관 이해도, 조직 내 원활한 소통, 업무 추진, 데이터 수집 및 활용, 보안 인식

3. 의사소통, 팀워크, 갈등 해결, 의사 결정, 조직 내 의견 조율, 합리적인 방식 선택, 문제 해결, 협상, 리더십, 조직적 의식

4. 꼼꼼함, 섬세함, 계획력, 위험"
0, 사업성분석및원가분석 ,"중경외시 / 경영학 / 학점 3.5/4.5 / 토익: , 토익스피킹: 140/레벨6, 오픽: , 기타: / 사회생활 경험: / 한국사검정시험: , 컴퓨터활용능력: , 기타:","

1. 원가분석
2. 사업성 분석
3. 성장 가능성
4. 조직 문화
5. 원가 절감 시스템 구현
6. 협업 역량
7. SAP
8. 원가관리 업무
9. 효율적인 업무 수행
10. 문제 해결능력"
0, 이화학분석 ,인제대 / 나노소자 / 학점 4.09/4.5 / 오픽: IM2 / 사회생활 경험: 효성굿스프링스 인턴 6주 / 기타: 품질경영기사,"
FT-IR 분석, 화학물질 관리, 강점, 분석기기, 이화학분석, 정확도, 신뢰성, 시험분석, 전문성, 노하우"
0, 공공데이터 청년인턴 ,"지거국 / 경영학과 / 학점 3.8 / 토익: , 토익스피킹: , 오픽: , 기타: / 사회생활 경험: / 한국사검정시험: 고급, 컴퓨터활용능력: 1급, 기타:","

계획관리, 다양한 사무보조 업무 경험, 데이터 처리 및 다루기, 컴퓨터 활용 업무, 적응력, 배우려는 자세, 커뮤니케이션, 업무 능률, 사회적 이해력, 문제해결능력"
0, 데이터분석 ,"서울시립대학교 대학원 / 학점 4.13 / SAS Certified Base Programmer for SAS 9, SAS Certified Advanced Programmer for SAS 9 SQLD, GBSA SW-tech 전문교육 1기 (Data Scientist Academy) (1개월), 넥슨코리아 데이터분석 인턴 (6개월)","
 data analysis, coding, programming, machine learning, statistics, R, data processing, problem solving, cooperation, time management"
0, 빅데이터 분석 컨설팅 ,"서울시립대 / 경제학부 / 학점 3.33 / 토익: 790, 토익스피킹: , 오픽: , 기타: / 사회생활 경험: 인턴 1회 / 빅데이터 분석대회 대상 / 한국사검정시험: 고급, 컴퓨터활용능력: 1급, 기타: SQLD","
Python, 데이터 분석, 인사이트 도출, 딥러닝, LSTM, 피처 엔지니어링, 모델링, 크롤링, SQL, DBMS"
0, Data Engineer(데이터 사이언스) ,"동덕여대 / 경영학/정보통계학 / 학점 3.9/4.5 / X / 사회생활 경험: 인턴 경험 1회 / 대외활동 1회, 공모전 수상 2회 / 한국사검정시험: , 컴퓨터활용능력: , 기타: adsp, sqld","
python, pandas, numpy, matplotlib, tensorflow, keras, streamlit, mysql, pytorch, tableau"
0, 데이터 분석 ,"서울시립대 / 경제학부 / 학점 3.33 / 토익: 790, 토익스피킹: , 오픽: , 기타: / 사회생활 경험: 인턴1회 / 빅데이터 분석대회 대상 / 한국사검정시험: 고급, 컴퓨터활용능력: 1급, 기타: SQLD","
data analytics, business intelligence, financial management, marketing strategy, programming, big data, market segmentation, web crawling, data mining, sentiment analysis"
0," 공공데이터 개방, 품질진단, 실측 ","한국외대 / 정보통신공학과 / 학점 3.32/4.5 / 토익: 840, 오픽: IM2 / 사회생활 경험: 중소 유통기업 1개월","

1. Communication, Teamwork, Conflict Management, Problem Solving
2. Problem Solving, Research, Analytical Thinking
3. Leadership, Decision Making, Problem Solving
4. IT Knowledge, Administrative Skills, Communication, Collaboration, Problem Solving, Management, Organizational Skills, Teamwork, Data Management, Decision Making"
0, 보험분석매니저 ,상지대 / 문과 / 학점 3.49 / 토익: 720 / 사회생활 경험: 한국소비자원(청년인턴 5개월) / 제 21회 대한민국 관광기념품 공모전 / 한국사검정시험: 고급,"
creative writing, storytelling, philosophy, essay writing, screenplay writing, communication, analytical thinking, problem-solving, adaptability, research"
0, 데이터분석 ,"서울시립대 / 경제학부 / 학점 3.33 / 토익: 790, 토익스피킹: , 오픽: , 기타: / 사회생활 경험: 인턴1회 / 빅데이터 분석대회 대상 / 한국사검정시험: 고급, 컴퓨터활용능력: 1급, 기타: SQLD","
Python, 데이터 분석, 게임 메타, 공략, 데이터 수집, 머신러닝, 배틀그라운드, API, 인사이트 발굴, 유저 맞춤형 서비스"
0, 공공데이터 청년인턴(일경험수련) ,"지거국 / 통계학과 / 학점 3.6 / 토익: 850, 토익스피킹: , 오픽: , 기타: / 사회생활 경험: 과사 근로 / 한국사검정시험: 고급, 컴퓨터활용능력: 1급, 기타:","
통계학, 빅데이터, 다양한 프로그램 활용능력, 정보 분석능력, 적극성, 꼼꼼함, 명확한 업무처리, 심도있는 업무수행, 정확성, 논리적 사고"
0, 데이터 엔지니어 ,"동덕여대 / 경영학/정보통계학 / 학점 3.9/4.5 / 토익: , 토익스피킹: , 오픽: , 기타: / 사회생활 경험: 인턴 경험 1회 / 대외활동 1회, 공모전 수상 2회 / 한국사검정시험: , 컴퓨터활용능력: , 기타: sqld, adsp","
Python, R, pandas, numpy, matplotlib, tensorflow, keras, pytorch, mysql, aws"
0, 데이터 분석 ,"서울시립대 / 경제학부 / 학점 3.33 / 토익: 790, 토익스피킹: , 오픽: , 기타: / 사회생활 경험: 인턴1회 / 빅데이터 분석대회 대상 / 한국사검정시험: 고급, 컴퓨터활용능력: 1급, 기타: SQLD","
데이터 분석, 빅데이터, Python, 머신러닝, 모델링, 비즈니스 영역, 인사이트 발굴, 역량 강화, 비전공자, 팀워크"
0, 데이터 ,"지방사립대 / 통계학 / 학점 4.21/4.5 / 토익: , 토익스피킹: , 오픽: , 기타: / 사회생활 경험: / 청취아 인공지능 수업 최우수상, 통계청 공공 데이터 활용대회 참가, 교내 해커톤 최우수상 / 한국사검정시험: 고급, 컴퓨터활용능력: 2급, 기타: 사화조사분석사2급,adsp,sqld","
communication, teamwork, problem solving, data analysis, management, leadership, time management, customer service, responsibility, ethics"
0, Data Platform 데이터 시각화 웹 개발 ,지거국 / 임베디드 시스템 공학과 / 학점 3.0/4.5 / 오픽: IM2 / 사회생활 경험: 중앙일보 인턴 8개월 / 자율 주행 유모차 논문 발표 동상 수상 / 기타: 정보처리기사,"

Bootstrap, Java, Socket JS, Full Calendar, Google Chart, Ajax, Source Tree, JSP, Spring Framework, Database"
0, 데이터 분석 ,"건국대 / 산업공학과 / 학점 3.87/4.5 / 토익: 820, 토익스피킹: 140/레벨 6 / 사회생활 경험: 현대디지텍 6개월","
1. 데이터베이스 구축 및 관리
2. 데이터 분석
3. 머신러닝
4. 딥러닝
5. SQL
6. 프로그래밍
7. 클라우드
8. 감성분석
9. 크롤링
10. 감성점수"
0, 화학환경재료(화학분석시험) ,"광명상가 / 화학과 / 학점 4.08 / 토익: 890, 토익스피킹: , 오픽: IM3, 기타: / 사회생활 경험: 한국환경산업기술원에서 3개월간 환경안전보건전문인력양성과정 이수, 상명대학교 중앙기기센터 1년근무 / 한국사검정시험: , 컴퓨터활용능력: 2급, 기타: 화학분석기사, 수질환경기사, 대기환경기사, 위험물산업기사","

유기반도체, 태양전지, 기능성 고분자, 유기 발광 다이오드, 유기전계, 페로브스카이트, 분자 분산, 광전자소자, 전기화학적 반응, 전기 화학 발광소자"
0, 5급 Digital-데이터분석 ,"충북대 / 정보통신공학부 / 학점 3.65 / 토익: , 토익스피킹: 120, 오픽: , 기타: / 사회생활 경험: 국내 통신사 네트워크부문 관제 / 학부 내 학술동아리 / 한국사검정시험: 고급, 컴퓨터활용능력: , 기타: 정보처리기사","
Communication Skills, Problem Solving, Data Analysis, Network Management, System Design, Data Preprocessing, Statistical Modeling, Natural Language Processing, Machine Learning, Continuous Learning"
0, 데이터 ,"안양대 / 정보통계학과 / 학점 3.52 / 토익: , 토익스피킹: 120/레벨5, 오픽: , 기타: / 사회생활 경험: 경영지원 경력 4년 1개월 / LPOINT 스마트큐레이터 공모전 / 한국사검정시험: , 컴퓨터활용능력: 1급, 기타: 정보처리기사, 사회조사분석사 2급, ADsP","
communication, teamwork, planning, project management, data analysis, problem solving, leadership, collaboration, conflict resolution, adaptability"
0, 공공데이터 품질 개선 및 진단 ,"교통대 / 안전공학전공 / 학점 3.18 / 토익: , 토익스피킹: , 오픽: , 기타: / 사회생활 경험: / 한국사검정시험: 고급, 컴퓨터활용능력: , 기타: 통신선로기능사","
공공데이터, 데이터 수집, 데이터 분석, 데이터 관리, 문제 해결, 책임감, 커뮤니케이션, 협업, 정확성, 성실함"
0, 소재 연구데이터 구축 사업 ,"한국외대 / 정보통신공학과 / 학점 3.32/4.5 / 토익: 840, 오픽: IM2 / 사회생활 경험: 중소 유통 1개월, 행안부 청년인턴 4개월 / 기타: 정보처리기사","
공공데이터 개방, 온라인 실측, 품질 관리, 분석, 논문, 문헌, 조직, 단체 활동, 대인관계, 성장"
0, 공공데이터 ,"목포대학교 / 소프트웨어공학 / 학점 3.7 / 사회생활 경험: 넥스챌 9개월 / 특허 / 한국사검정시험: 고급, 기타: 정보처리기사, SQLD","
SQL, 데이터베이스, 데이터 분석, 데이터 처리, 쿼리문, 데이터 관리, 데이터베이스 설계, 데이터베이스 구축, API 활용, 공공데이터"
0, 보험 분석 및 세일즈매니저 ,"경북대학교 / 사회복지학과 / 학점 3.2/4.5 / 사회생활 경험: IBK기업은행 청년인턴 2개월 피플라이프 보험클리닉 보험설계사 6개월 / 한국사검정시험: 고급, 기타: 생명보험 설계사 손해보험 설계사 AFPK","
보험업, 손해보험, 생명보험, 보험분석, 보험회사, 보험상품, 금융, 신탁, 투자, 증권회사"
0, 데이터 분석 및 운영-제주권 ,"제주대 / 전산통계 / 학점 3.7 / 토익: 820 / 한국사검정시험: 고급, 기타: 정보처리기사","
빅데이터, 공공데이터, 데이터 분석, 데이터 처리, 데이터 수집, 데이터 포털, 데이터베이스, 분석 역량, 비정형 데이터, 빅데이터 분석기사"
0, 데이터어노테이션 ,신한대학교 / 컴퓨터공학전공 / 학점 3.2/4.5 / 사회생활 경험: 한화에스테이트(2년),"
컴퓨터 고장 해결, 기계 제어, 프로그래밍, 회로 기술, 웜 바이러스 치료, 기계 이해, 아두이노, 문제 해결, 임기응변, 학습 의지"
0, 빅데이터 분석 ,"서울대학교 / 기계공학과 / 학점 3.21/4.3 / 토익: 910, 토익스피킹: 150/lv6 / 사회생활 경험: 스타트업 빅데이터분석가 인턴 3개월 / 일반기계기사","
빅데이터 분석, 머신러닝, 데이터 전처리, XAI, 추천 알고리즘, 데이터 크롤링, 비판적 사고, 최적화, 프로젝트 참여, 성과 도출"
0, 공공데이터 관리자 ,"전남대 / 경영학부 / 학점 3.48 / 토익: 700, 토익스피킹: 150/레벨6 / 삼성전자서비스,상상발룬티어","
communication, decision-making, problem-solving, teamwork, leadership, problem analysis, logical thinking, organizational skills, time management, computer skills"
0, 인텔리전스랩스 데이터분석가 ,연세대학교 / 경영학과 / 학점 3.77/4.3 / 토익: 960 / 사회생활 경험: 뤼이드 인턴 7개월,"
data analysis, SQL, R, Python, data visualization, data extraction, dashboard management, KPI setting, machine learning, model development"
0, 특허조사분석연구원 ,"부산대학교 / 식물생명과학 / 학점 3.3/4.5 / 토익스피킹: 130 / 사회생활 경험: 공공기관 인턴 / 한국사검정시험: 고급, 컴퓨터활용능력: 1급","
1. SW Business Management
2. AI Education
3. TOPCIT Certification
4. Online Teaching
5. Entrepreneurship
6. Communication
7. Responsibility
8. Organizational Skills
9. Journalism
10. Collaboration"
0, 전산(빅데이터) ,"제주대 / 전산통계 / 학점 3.7 / 토익: 820 / 한국사검정시험: 고급, 기타: 정보처리기사","
통계학 및 실습 수업, 이론통계학1, 이론통계학2, 회귀분석, 시계열분석, 정형데이터 마이닝, 비정형데이터 마이닝, 텍스트 마이닝, 머신러닝, 딥러닝"
0, 메모리사업부 평가및분석 ,SKY / 산업공학 / 학점 3.7/4.3 / 오픽: IH / 사회생활 경험: 삼성전자 인턴 4개월,"
1. Data analysis
2. Statistical modeling
3. Machine learning
4. Programming
5. Problem-solving
6. Blockchain
7. Smart contract
8. Solidity
9. Decentralized application
10. Collaboration"
0, 바이오표준분석 ,"지거국 / 생명화학과 / 학점 4.08/4.5 / 토익: 900, 토익스피킹: 150, 오픽: , 기타: / 사회생활 경험: / 한국사검정시험: , 컴퓨터활용능력: 1급, 기타:","
바이오의약품 분석법 개발, LC-MS 분석, 시료 추출 및 정제, 트러블슈팅, 해외 SCI 논문 작성, 실험 절차 구체화, 자격증 취득, 언어 능력 향상, 컴퓨터 자격증 취득, 합병증 치료제 개발, 의견충돌 해결, 협력을 통한 문제해결"
0," 공공데이터 개방, 품질진단·개선, 실측·수집, 구축, 가공 등 업무 ",중경외시 / 경영 / 학점 3.33 / 토익: 865 / 한국사검정시험: 고급,"
Communication, Time Management, Adaptability, Problem Solving, Teamwork, Data Analysis, Data Processing, Data Utilization, Computer Skills, Studiousness"
0, 체계분석 ,국민대 / 융합기계공학 / 학점 3.12 / 오픽: IH / 사회생활 경험: 메르세데스-벤츠 인턴 6개월 / 교내 자율주행 로봇 / 국방과학 기술을 활용한 창업경진대회 / 기타: Excel 2010 Expert,"
1. 기계공학
2. 창의력
3. 도전정신
4. 협동심
5. 미래기술
6. ICT
7. 웨어러블 기기
8. SW 시스템 설계
9. 데이터 분석
10. 안전사고 예방"
0, H&A본부 R&D 위생분석 ,"연세대학교 / 이과 / 학점 3.74/4.3 / 토익: 820, 토익스피킹: 160 / 사회생활 경험: 대학원 / 학회발표","



LG전자는 디지털 기술 발전에 따라 끊임없이 변화하는 시장에 있어서도 꾸준히 성장하고 있으며, 그만큼 기술력과 혁신적인 아이디어를 보유한 기업이라고 생각합니다. 또한, 혁신적인 제품을 만들어내는 과정에서 고객의 니즈를 이해하고 만족시키는 능력도 매우 뛰어난 것으로 알고 있습니다.

저는 LG전자에서 제공하는 다양한 교육과 프로젝트 경험을 통해 다양한 분야에 걸쳐 기술을 습득할 수 있는 가능성을 보고 지원하게 되었습니다. 또한, 다양한 분야에서의 협업 경험을 통해"
0, 데이터마케팅캠퍼스 ,"서성한 / 경영학과 / 학점 3.43 / 토익: 855, 토익스피킹: , 오픽: , 기타: / 사회생활 경험: / 한국사검정시험: , 컴퓨터활용능력: , 기타:","
데이터 분석, 마케팅, 인터넷 홈페이지 제작, 사업 아이템 선정, 조사디자인, 회귀분석, 분산분석, 엑셀, 워드, 아래아 한글"
0, 데이터 ,"국숭세단 / 산업공학과 / 학점 3.93 / 토익: 910, 토익스피킹: , 오픽: IH, 기타: / 사회생활 경험: 인턴 3회 / 공모전 수상 3회 / 한국사검정시험: , 컴퓨터활용능력: , 기타: ADsP","


1. 디지털 시장, 데이터 분석, 기획, UI/UX, AI, 정보 제공, 데이터 검증, 결과 신뢰성 확보, 데이터 시각화, 상호 피드백
2. 소통, 협력, 설명, 데이터 시각화, 피드백, 강점 살리기, 혼자가 아닌 함께
3. 도전, 업무 수행 방식, 효율화, 전공 지식 활용, 코드 작성, 자동 수집, 오픈소스, 시간 관리, 도전적인 자세, 데이터 수집"
0, 데이터분석 ,"국숭세단 / 산업공학과 / 학점 3.93 / 토익: 910, 오픽: IH / 사회생활 경험: 인턴 3회 / 공모전수상 3회 / 기타: ADsP","

1) 데이터 전처리, 2) 데이터 관리, 3) 데이터 분석, 4) 데이터 시각화, 5) 머신러닝, 6) 딥러닝, 7) 자연어 처리, 8) 웹 개발, 9) SQL, 10) 파이썬"
0, 데이터 분석 ,"건국대 / 산업공학과 / 학점 3.87/4.5 / 토익: 820, 토익스피킹: 140/레벨 6 / 사회생활 경험: 현대디지텍 6개월","
1. Data Analysis, 2. Database Management, 3. Programming, 4. R, 5. Python, 6. SQL, 7. Machine Learning, 8. Deep Learning, 9. Cloud Computing, 10. Big Data"
0, 문화데이터사업 업무지원 ,"고려대 / 산업경영공학부 / 학점 3.61/4.5 / 토익: 850, 토익스피킹: 150/레벨6, 오픽: , 기타: / 사회생활 경험: 컨설팅 인턴1회, 스타트업 인턴 1회 / 없음 / 한국사검정시험: , 컴퓨터활용능력: , 기타:","
History, Curiosity, Administration, Big data, Industrial engineering, Accuracy, Organization, Rule compliance, Introspection, Cooperation."
0, 국가소재연구데이터센터 소재 연구 데이터 요원 ,"건동홍 / 이과 / 학점 3.75 / 토익: 890, 오픽: AL / 한국사검정시험: 고급, 컴퓨터활용능력: 1급","
1. Data management
2. Data collection
3. Data analysis
4. Big data
5. Teamwork
6. Problem-solving
7. Communication
8. Organization
9. Leadership
10. Adaptability"
